"sex","income","Mean(age)","Count(age)"
"Female","<=50K",36.20880267000431,9588
"Female",">50K",42.10865874363328,1178
"Male","<=50K",37.1485155061825,15123
"Male",">50K",44.62477477477466,6660
